INSERT INTO users (id, username, email, password, admin, balance, bankruptcy_count, total_bets, curr_bets, total_credits_playing, total_credits_bet, total_credits_won) VALUES 
    (0, 'ardentbrewer123', 'ardentbrewer123@gmail.com', '1234', 1, 5864, 4, 4, 4, 47, 46, 47), (1, 'cowardlyanalyst334', 'cowardlyanalyst334@gmail.com', '1234', 1, 648, 5, 0, 2, 75, 62, 17), (2, 'panickypaver68', 'panickypaver68@gmail.com', '1234', 1, 8383, 0, 0, 1, 18, 54, 12), (3, 'morbidfitter4', 'morbidfitter4@gmail.com', '1234', 1, 5465, 1, 3, 4, 59, 0, 85), (4, 'sensitivebaker675', 'sensitivebaker675@gmail.com', '1234', 1, -5406, 1, 4, 4, 23, 20, 12), (5, 'infuriated56buyer', 'infuriated56buyer@gmail.com', '1234', 1, -2458, 0, 0, 4, 5, 98, 16), (6, 'solemnlawyer66', 'solemnlawyer66@gmail.com', '1234', 1, 6855, 3, 3, 3, 50, 43, 90), (7, 'troubledwriter31', 'troubledwriter31@gmail.com', '1234', 1, -1515, 4, 5, 5, 1, 42, 38), (8, 'hurtshoemaker24', 'hurtshoemaker24@gmail.com', '1234', 1, 5288, 1, 1, 3, 96, 87, 16), (9, 'petrifiedmagician59', 'petrifiedmagician59@gmail.com', '1234', 1, 1899, 0, 1, 5, 4, 64, 20), (10, 'adoringappraiser75', 'adoringappraiser75@gmail.com', '1234', 1, -7297, 4, 2, 0, 93, 6, 51), (11, 'collectedtherapist246', 'collectedtherapist246@gmail.com', '1234', 1, 748, 5, 0, 4, 96, 26, 21), (12, 'spiritedjournalist0000', 'spiritedjournalist0000@gmail.com', '1234', 1, 6191, 3, 1, 4, 91, 22, 72), (13, 'emptysubaltern64', 'emptysubaltern64@gmail.com', '1234', 1, 9245, 4, 1, 2, 71, 64, 90), (14, 'loyalcobbler898', 'loyalcobbler898@gmail.com', '1234', 1, -9904, 0, 0, 2, 6, 30, 59), (15, 'possessivebuilder67', 'possessivebuilder67@gmail.com', '1234', 1, 479, 5, 0, 4, 32, 90, 59), (16, 'irritableauthor432', 'irritableauthor432@gmail.com', '1234', 1, 2912, 3, 0, 4, 86, 70, 62), (17, 'hatefulrobber567', 'hatefulrobber567@gmail.com', '1234', 1, 3581, 4, 0, 2, 62, 85, 10), (18, 'perturbedhermit78', 'perturbedhermit78@gmail.com', '1234', 1, -7699, 2, 4, 0, 74, 48, 1), (19, 'distressedpharmacist688', 'distressedpharmacist688@gmail.com', '1234', 1, -7513, 4, 1, 3, 67, 87, 25), (20, 'wrathfuldietician89', 'wrathfuldietician89@gmail.com', '1234', 1, -9971, 0, 0, 2, 84, 26, 20), (21, 'ambitiousarsonist43', 'ambitiousarsonist43@gmail.com', '1234', 1, 3991, 1, 4, 1, 76, 34, 67), (22, 'cockymechanic8965', 'cockymechanic8965@gmail.com', '1234', 1, -5173, 3, 1, 0, 44, 50, 33), (23, 'sincerefabricator7775', 'sincerefabricator7775@gmail.com', '1234', 1, -8281, 4, 2, 3, 27, 5, 50), (24, 'gloomyclerk464', 'gloomyclerk464@gmail.com', '1234', 1, 3413, 0, 2, 1, 100, 61, 95), (25, 'affectedpipelayer345', 'affectedpipelayer345@gmail.com', '1234', 1, -9648, 2, 2, 3, 28, 62, 94), (26, 'curiouscurator123', 'curiouscurator123@gmail.com', '1234', 1, -9781, 0, 5, 5, 93, 1, 88), (27, 'exuberantharlot234', 'exuberantharlot234@gmail.com', '1234', 1, -2298, 1, 3, 1, 45, 33, 30), (28, 'upsetadvisor345', 'upsetadvisor345@gmail.com', '1234', 1, 423, 4, 5, 2, 5, 72, 30), (29, 'passionateyeoman097', 'passionateyeoman097@gmail.com', '1234', 1, -7665, 1, 0, 0, 55, 39, 83), (30, 'dispiritedlibrarian698', 'dispiritedlibrarian698@gmail.com', '1234', 1, 3702, 3, 2, 4, 30, 88, 52), (31, 'resignedartiste364', 'resignedartiste364@gmail.com', '1234', 1, 7448, 3, 3, 4, 35, 56, 22), (32, 'tormentedhorsemant554', 'tormentedhorsemant554@gmail.com', '1234', 1, -7893, 4, 4, 5, 44, 24, 21), (33, 'merrytaverner456', 'merrytaverner456@gmail.com', '1234', 1, 6268, 2, 3, 2, 63, 48, 14), (34, 'determinedseamstress324', 'determinedseamstress324@gmail.com', '1234', 1, -7955, 1, 2, 1, 6, 30, 56), (35, 'cheerfulstriker68', 'cheerfulstriker68@gmail.com', '1234', 1, -8837, 1, 1, 1, 33, 43, 17), (36, 'offendeddesigner99', 'offendeddesigner99@gmail.com', '1234', 1, -4281, 4, 3, 3, 76, 35, 22), (37, 'scaredbutcher35', 'scaredbutcher35@gmail.com', '1234', 1, -1552, 5, 0, 3, 64, 13, 20), (38, 'humiliatedroofer24', 'humiliatedroofer24@gmail.com', '1234', 1, -3365, 0, 3, 1, 86, 39, 42), (39, 'enviousdentist44', 'enviousdentist44@gmail.com', '1234', 1, -5532, 2, 4, 1, 44, 70, 98), (40, 'enragedbroker06', 'enragedbroker06@gmail.com', '1234', 1, -3749, 4, 5, 2, 79, 7, 20), (41, 'needyexpert678', 'needyexpert678@gmail.com', '1234', 1, 9220, 4, 4, 3, 61, 85, 98), (42, 'fearfulsecretary87', 'fearfulsecretary87@gmail.com', '1234', 1, 7613, 3, 3, 4, 46, 31, 69), (43, 'awedjudge652', 'awedjudge652@gmail.com', '1234', 1, -8560, 3, 5, 3, 82, 58, 18), (44, 'liberatedscientist55', 'liberatedscientist55@gmail.com', '1234', 1, 6840, 4, 1, 1, 52, 40, 41), (45, 'miserablemasons63', 'miserablemasons63@gmail.com', '1234', 1, 2147, 1, 0, 5, 66, 8, 29), (46, 'contentengineer256', 'contentengineer256@gmail.com', '1234', 1, 8787, 0, 4, 2, 47, 21, 18), (47, 'empathicproducer26', 'empathicproducer26@gmail.com', '1234', 1, 1638, 2, 1, 1, 6, 14, 100), (48, 'yesedict112', 'yesedict112@gmail.com', '1234', 1, 9516, 3, 1, 4, 45, 13, 65), (49, 'yellowishcheesesteak45', 'yellowishcheesesteak45@gmail.com', '1234', 1, 2931, 4, 5, 3, 95, 8, 86), (50, 'xanthousstatement778', 'xanthousstatement778@gmail.com', '1234', 1, 363, 4, 5, 4, 5, 78, 54), (51, 'xanthicdiscount35', 'xanthicdiscount35@gmail.com', '1234', 1, 5254, 0, 1, 3, 31, 73, 53), (52, 'windingcurry2', 'windingcurry2@gmail.com', '1234', 1, 4142, 5, 3, 5, 27, 14, 10), (53, 'whyfracture267', 'whyfracture267@gmail.com', '1234', 1, 932, 3, 4, 0, 38, 96, 39), (54, 'whosetycoon4', 'whosetycoon4@gmail.com', '1234', 1, 9109, 3, 3, 1, 28, 12, 71), (55, 'waveistanbul6', 'waveistanbul6@gmail.com', '1234', 1, -7401, 2, 4, 2, 14, 6, 80), (56, 'wantingmacaroni3', 'wantingmacaroni3@gmail.com', '1234', 1, -8122, 1, 5, 0, 81, 41, 79), (57, 'votersavagery6', 'votersavagery6@gmail.com', '1234', 1, 2184, 4, 5, 0, 44, 60, 49), (58, 'violetcontract46', 'violetcontract46@gmail.com', '1234', 1, -3866, 2, 3, 4, 63, 90, 41), (59, 'versusmedusa4322', 'versusmedusa4322@gmail.com', '1234', 1, -7608, 2, 2, 3, 82, 93, 9), (60, 'venomousanchovies55', 'venomousanchovies55@gmail.com', '1234', 1, -5709, 2, 0, 0, 46, 80, 12), (61, 'unselfishpretzels5', 'unselfishpretzels5@gmail.com', '1234', 1, -241, 4, 1, 4, 30, 18, 19), (62, 'unlikelywichita6y7', 'unlikelywichita6y7@gmail.com', '1234', 1, 9057, 3, 3, 5, 7, 24, 49), (63, 'underhandiwork64', 'underhandiwork64@gmail.com', '1234', 1, -2164, 3, 3, 2, 85, 3, 57), (64, 'tuscanyresolve23', 'tuscanyresolve23@gmail.com', '1234', 1, -8617, 2, 4, 1, 1, 44, 22), (65, 'tuscantonight234', 'tuscantonight234@gmail.com', '1234', 1, -8705, 4, 2, 0, 35, 27, 100), (66, 'tumbleweedquality5667', 'tumbleweedquality5667@gmail.com', '1234', 1, 1854, 1, 4, 2, 40, 91, 61), (67, 'thirdflaxseed732', 'thirdflaxseed732@gmail.com', '1234', 1, -4314, 2, 5, 0, 71, 76, 68), (68, 'tantreacle345', 'tantreacle345@gmail.com', '1234', 1, 6753, 0, 3, 1, 37, 17, 53), (69, 'tanfinding45', 'tanfinding45@gmail.com', '1234', 1, 1903, 3, 0, 0, 60, 11, 76), (70, 'systemdeadboltt45', 'systemdeadboltt45@gmail.com', '1234', 1, -6988, 0, 5, 1, 88, 62, 40), (71, 'switchswelter1', 'switchswelter1@gmail.com', '1234', 1, 6672, 0, 5, 0, 61, 1, 100), (72, 'strategyoptic432', 'strategyoptic432@gmail.com', '1234', 1, -1906, 2, 0, 4, 92, 33, 66), (73, 'sternpineapple34', 'sternpineapple34@gmail.com', '1234', 1, 50, 2, 4, 5, 100, 46, 62), (74, 'squigglypistachio55', 'squigglypistachio55@gmail.com', '1234', 1, -3712, 5, 0, 2, 61, 16, 47), (75, 'slobquantity555', 'slobquantity555@gmail.com', '1234', 1, 9711, 0, 5, 0, 18, 77, 29), (76, 'sinopiaattention889', 'sinopiaattention889@gmail.com', '1234', 1, -4098, 0, 0, 1, 31, 42, 37), (77, 'simplyplayhouse53', 'simplyplayhouse53@gmail.com', '1234', 1, -1862, 0, 0, 1, 59, 76, 85), (78, 'simplistictofu89', 'simplistictofu89@gmail.com', '1234', 1, -5548, 5, 4, 4, 25, 52, 82), (79, 'sillysquid07', 'sillysquid07@gmail.com', '1234', 1, 5385, 1, 5, 3, 48, 4, 16), (80, 'silkypancake79', 'silkypancake79@gmail.com', '1234', 1, -590, 4, 2, 0, 84, 69, 91), (81, 'siennameal0', 'siennameal0@gmail.com', '1234', 1, -6985, 5, 5, 3, 70, 69, 29), (82, 'shrednarrative45', 'shrednarrative45@gmail.com', '1234', 1, -3450, 0, 4, 4, 81, 64, 1), (83, 'shockingsambar73', 'shockingsambar73@gmail.com', '1234', 1, 9040, 4, 3, 4, 23, 44, 24), (84, 'shapeumpire23', 'shapeumpire23@gmail.com', '1234', 1, 1367, 0, 2, 3, 0, 55, 92), (85, 'shadowyhorseradish11', 'shadowyhorseradish11@gmail.com', '1234', 1, 5417, 3, 5, 0, 30, 61, 1), (86, 'serpentinepies14', 'serpentinepies14@gmail.com', '1234', 1, 5191, 5, 4, 2, 85, 67, 87), (87, 'secretlemongrass36', 'secretlemongrass36@gmail.com', '1234', 1, -1638, 0, 4, 4, 43, 61, 31), (88, 'saxcaravan53', 'saxcaravan53@gmail.com', '1234', 1, 237, 1, 1, 5, 87, 82, 78), (89, 'sageinsect67', 'sageinsect67@gmail.com', '1234', 1, 9112, 5, 1, 2, 50, 30, 96), (90, 'roseprogress34', 'roseprogress34@gmail.com', '1234', 1, -8641, 2, 0, 0, 45, 82, 48), (91, 'relationpocketful26', 'relationpocketful26@gmail.com', '1234', 1, 9100, 2, 2, 0, 80, 93, 18), (92, 'ranksawdust66', 'ranksawdust66@gmail.com', '1234', 1, 82, 0, 4, 2, 11, 100, 33), (93, 'rajahguidance69', 'rajahguidance69@gmail.com', '1234', 1, -6772, 5, 2, 3, 10, 100, 51), (94, 'radiosurmount634', 'radiosurmount634@gmail.com', '1234', 1, -4963, 0, 4, 0, 41, 74, 100), (95, 'quirkymacadamia23', 'quirkymacadamia23@gmail.com', '1234', 1, -85, 4, 4, 4, 73, 48, 63), (96, 'provincereward67', 'provincereward67@gmail.com', '1234', 1, -3356, 2, 4, 0, 60, 42, 35), (97, 'proportionpoliteness45', 'proportionpoliteness45@gmail.com', '1234', 1, -850, 0, 1, 0, 54, 73, 57), (98, 'potablesoy44', 'potablesoy44@gmail.com', '1234', 1, -6275, 3, 2, 0, 31, 45, 38), (99, 'polishedbutternut23', 'polishedbutternut23@gmail.com', '1234', 1, -4100, 4, 0, 2, 37, 93, 91), (100, 'pointlessrelish14', 'pointlessrelish14@gmail.com', '1234', 1, 9753, 1, 3, 1, 32, 23, 98), (101, 'pinksteal66', 'pinksteal66@gmail.com', '1234', 1, -2613, 4, 0, 4, 22, 94, 40), (102, 'pickdeckhand63', 'pickdeckhand63@gmail.com', '1234', 1, -9327, 5, 5, 0, 36, 59, 79), (103, 'pauasuck56', 'pauasuck56@gmail.com', '1234', 1, -3475, 2, 0, 1, 21, 13, 71), (104, 'patchslothful13', 'patchslothful13@gmail.com', '1234', 1, -5364, 4, 0, 0, 87, 84, 17), (105, 'parchmentstorage54', 'parchmentstorage54@gmail.com', '1234', 1, -2525, 5, 2, 1, 2, 50, 36), (106, 'oxbloodcamp67', 'oxbloodcamp67@gmail.com', '1234', 1, -5970, 0, 0, 1, 31, 3, 75), (107, 'otherspluto88', 'otherspluto88@gmail.com', '1234', 1, 3439, 3, 5, 5, 27, 59, 4), (108, 'optionretrieval98', 'optionretrieval98@gmail.com', '1234', 1, 1399, 5, 1, 4, 98, 41, 66), (109, 'ochrecustomer26', 'ochrecustomer26@gmail.com', '1234', 1, 4825, 4, 0, 2, 43, 29, 80), (110, 'obscenelasagne42', 'obscenelasagne42@gmail.com', '1234', 1, -8138, 4, 0, 5, 70, 15, 69), (111, 'obligingcelery145', 'obligingcelery145@gmail.com', '1234', 1, 5110, 4, 3, 5, 51, 22, 37), (112, 'mulberryoperation567', 'mulberryoperation567@gmail.com', '1234', 1, -7576, 3, 2, 2, 68, 18, 8), (113, 'mirrorberserk70', 'mirrorberserk70@gmail.com', '1234', 1, -806, 2, 5, 2, 63, 3, 36), (114, 'minthistorian006', 'minthistorian006@gmail.com', '1234', 1, 1468, 3, 1, 4, 87, 32, 76), (115, 'methodwyoming457', 'methodwyoming457@gmail.com', '1234', 1, -7625, 4, 1, 2, 5, 22, 3), (116, 'matchsahara379', 'matchsahara379@gmail.com', '1234', 1, -1035, 2, 0, 1, 95, 50, 30), (117, 'mahoganydecision65', 'mahoganydecision65@gmail.com', '1234', 1, -4491, 0, 0, 2, 100, 34, 79), (118, 'magentaarticle42', 'magentaarticle42@gmail.com', '1234', 1, -912, 5, 0, 1, 41, 6, 56), (119, 'luminousoats22', 'luminousoats22@gmail.com', '1234', 1, 6554, 5, 5, 1, 50, 3, 59), (120, 'lowlypie46', 'lowlypie46@gmail.com', '1234', 1, -7139, 3, 2, 5, 57, 15, 44), (121, 'linenpotential53', 'linenpotential53@gmail.com', '1234', 1, 5302, 5, 1, 3, 55, 96, 69), (122, 'lemonclamshell356', 'lemonclamshell356@gmail.com', '1234', 1, 8752, 4, 3, 5, 67, 51, 75), (123, 'largelyuncut672', 'largelyuncut672@gmail.com', '1234', 1, 383, 0, 0, 0, 11, 4, 49), (124, 'lamesafflower36', 'lamesafflower36@gmail.com', '1234', 1, 1220, 3, 2, 2, 65, 100, 96), (125, 'kobichaexit21', 'kobichaexit21@gmail.com', '1234', 1, -2289, 3, 0, 0, 70, 85, 33), (126, 'kobepassenger11', 'kobepassenger11@gmail.com', '1234', 1, -4287, 5, 5, 1, 18, 21, 79), (127, 'keppelfinish1', 'keppelfinish1@gmail.com', '1234', 1, 9709, 2, 0, 4, 77, 34, 49), (128, 'journalopulent5', 'journalopulent5@gmail.com', '1234', 1, -7362, 2, 5, 4, 6, 33, 65), (129, 'jonquilincident663', 'jonquilincident663@gmail.com', '1234', 1, -4682, 0, 1, 4, 69, 75, 63), (130, 'jasminemom34', 'jasminemom34@gmail.com', '1234', 1, -8158, 1, 3, 4, 23, 0, 91), (131, 'jaggedcasserole23', 'jaggedcasserole23@gmail.com', '1234', 1, -2268, 4, 2, 2, 94, 76, 83), (132, 'investorbasalt55', 'investorbasalt55@gmail.com', '1234', 1, -3279, 2, 3, 3, 59, 28, 79), (133, 'inventivepeppercorn345', 'inventivepeppercorn345@gmail.com', '1234', 1, 4935, 2, 0, 0, 78, 37, 8), (134, 'intopuppy64', 'intopuppy64@gmail.com', '1234', 1, -5372, 4, 1, 2, 34, 4, 24), (135, 'improbablebun54', 'improbablebun54@gmail.com', '1234', 1, 5777, 0, 4, 5, 7, 40, 21), (136, 'immaculatespearmint55', 'immaculatespearmint55@gmail.com', '1234', 1, 4400, 2, 5, 4, 54, 22, 48), (137, 'illchive6', 'illchive6@gmail.com', '1234', 1, 1903, 0, 2, 4, 67, 38, 10), (138, 'icebergprocedure34', 'icebergprocedure34@gmail.com', '1234', 1, -350, 1, 4, 4, 23, 15, 96), (139, 'harlequinexcitement456', 'harlequinexcitement456@gmail.com', '1234', 1, 1952, 2, 4, 2, 97, 26, 44), (140, 'growlingtruffle673', 'growlingtruffle673@gmail.com', '1234', 1, -7360, 5, 1, 3, 54, 94, 68), (141, 'grizzledpretzel42', 'grizzledpretzel42@gmail.com', '1234', 1, 6218, 2, 4, 2, 91, 18, 34), (142, 'granteating1223', 'granteating1223@gmail.com', '1234', 1, -1401, 4, 4, 4, 73, 5, 86), (143, 'glanceclockwork23', 'glanceclockwork23@gmail.com', '1234', 1, 5327, 5, 5, 2, 63, 68, 73), (144, 'gainsborosentence34', 'gainsborosentence34@gmail.com', '1234', 1, 1391, 5, 5, 2, 44, 88, 95), (145, 'frontjuices56', 'frontjuices56@gmail.com', '1234', 1, 1885, 0, 5, 1, 38, 12, 6), (146, 'fretfulbeets453', 'fretfulbeets453@gmail.com', '1234', 1, 2460, 2, 2, 4, 36, 79, 77), (147, 'formertruncated32', 'formertruncated32@gmail.com', '1234', 1, -6378, 3, 2, 5, 14, 62, 79), (148, 'forcefulpeanuts66', 'forcefulpeanuts66@gmail.com', '1234', 1, -7967, 3, 4, 4, 73, 12, 34), (149, 'figureburlington46', 'figureburlington46@gmail.com', '1234', 1, 6988, 3, 1, 5, 36, 11, 79), (150, 'extraracketeer23', 'extraracketeer23@gmail.com', '1234', 1, 9790, 4, 4, 4, 98, 10, 28), (151, 'explosionprophecy24', 'explosionprophecy24@gmail.com', '1234', 1, 3970, 5, 0, 4, 79, 90, 54), (152, 'especiallycertify78', 'especiallycertify78@gmail.com', '1234', 1, 583, 2, 3, 1, 99, 73, 18), (153, 'episodeinvolve88', 'episodeinvolve88@gmail.com', '1234', 1, -4323, 2, 1, 0, 2, 65, 98), (154, 'elaborateroe75', 'elaborateroe75@gmail.com', '1234', 1, -7285, 5, 2, 2, 55, 26, 82), (155, 'ecrutomorrow32', 'ecrutomorrow32@gmail.com', '1234', 1, -9150, 3, 4, 3, 14, 72, 92), (156, 'dutifulcake24', 'dutifulcake24@gmail.com', '1234', 1, 8143, 1, 2, 4, 47, 54, 72), (157, 'diversityasteroid56', 'diversityasteroid56@gmail.com', '1234', 1, 4407, 3, 1, 3, 49, 77, 73), (158, 'deskdetector66', 'deskdetector66@gmail.com', '1234', 1, 6950, 2, 5, 0, 90, 82, 47), (159, 'desertedjello68', 'desertedjello68@gmail.com', '1234', 1, -3373, 1, 0, 4, 52, 3, 1), (160, 'democratcorrosion123', 'democratcorrosion123@gmail.com', '1234', 1, 2351, 1, 3, 1, 67, 7, 36), (161, 'delightfulcaper84', 'delightfulcaper84@gmail.com', '1234', 1, -8513, 3, 1, 3, 29, 36, 88), (162, 'decentolives46', 'decentolives46@gmail.com', '1234', 1, 5780, 2, 1, 3, 10, 90, 1), (163, 'debonairescargot67', 'debonairescargot67@gmail.com', '1234', 1, -6180, 5, 1, 1, 47, 74, 76), (164, 'dearestbattenburg421', 'dearestbattenburg421@gmail.com', '1234', 1, -6199, 1, 5, 5, 86, 22, 57), (165, 'creativebrioche124', 'creativebrioche124@gmail.com', '1234', 1, -9643, 5, 3, 5, 27, 25, 30), (166, 'crabbyburger63', 'crabbyburger63@gmail.com', '1234', 1, -5635, 5, 1, 1, 50, 7, 41), (167, 'cousinhesitate67', 'cousinhesitate67@gmail.com', '1234', 1, -1109, 2, 1, 5, 76, 85, 61), (168, 'coolpaprika6775', 'coolpaprika6775@gmail.com', '1234', 1, 4670, 3, 1, 5, 83, 42, 90), (169, 'communityunearth42', 'communityunearth42@gmail.com', '1234', 1, 7952, 0, 3, 5, 35, 0, 13), (170, 'coffeeconfidence234', 'coffeeconfidence234@gmail.com', '1234', 1, -7438, 4, 0, 0, 52, 55, 75), (171, 'climatetreadmill45', 'climatetreadmill45@gmail.com', '1234', 1, -8532, 2, 0, 4, 87, 27, 7), (172, 'citroncontest67', 'citroncontest67@gmail.com', '1234', 1, -2111, 1, 4, 5, 43, 75, 90), (173, 'citrinedifficulty100', 'citrinedifficulty100@gmail.com', '1234', 1, 463, 5, 2, 2, 82, 6, 79), (174, 'chiefnutmeg67', 'chiefnutmeg67@gmail.com', '1234', 1, 4914, 1, 4, 3, 54, 19, 97), (175, 'champagnepriest8', 'champagnepriest8@gmail.com', '1234', 1, -3734, 1, 4, 2, 48, 21, 22), (176, 'ceruleangarage67', 'ceruleangarage67@gmail.com', '1234', 1, 1738, 2, 1, 0, 27, 90, 21), (177, 'burlywoodobligation35', 'burlywoodobligation35@gmail.com', '1234', 1, 3574, 0, 4, 5, 68, 17, 99), (178, 'burgundyjudgment42', 'burgundyjudgment42@gmail.com', '1234', 1, 6840, 5, 5, 0, 54, 67, 86), (179, 'buffreception56', 'buffreception56@gmail.com', '1234', 1, 2953, 2, 0, 3, 91, 23, 27), (180, 'bolecriticism13', 'bolecriticism13@gmail.com', '1234', 1, 1088, 2, 5, 4, 86, 89, 96), (181, 'blushconnection56765', 'blushconnection56765@gmail.com', '1234', 1, -1514, 1, 4, 4, 10, 47, 8), (182, 'bluetifulcourt46', 'bluetifulcourt46@gmail.com', '1234', 1, 3592, 3, 3, 3, 54, 78, 97), (183, 'blandalmonds22', 'blandalmonds22@gmail.com', '1234', 1, 8463, 4, 0, 5, 24, 30, 31), (184, 'bistrenation257', 'bistrenation257@gmail.com', '1234', 1, -389, 3, 4, 1, 10, 64, 53), (185, 'biologicalflatfoot153', 'biologicalflatfoot153@gmail.com', '1234', 1, 392, 5, 2, 4, 65, 82, 74), (186, 'beavercomplaint376', 'beavercomplaint376@gmail.com', '1234', 1, 8799, 2, 0, 0, 71, 93, 46), (187, 'austeretangerines567', 'austeretangerines567@gmail.com', '1234', 1, -7534, 0, 2, 4, 68, 3, 23), (188, 'aremusic735', 'aremusic735@gmail.com', '1234', 1, -1471, 2, 3, 0, 62, 12, 18), (189, 'aquamarineoccasion23', 'aquamarineoccasion23@gmail.com', '1234', 1, -6015, 3, 3, 3, 82, 22, 73), (190, 'aquakid657', 'aquakid657@gmail.com', '1234', 1, 9377, 4, 2, 1, 99, 98, 50), (191, 'apricotfee656', 'apricotfee656@gmail.com', '1234', 1, -7248, 0, 1, 4, 83, 14, 74), (192, 'amberemployer775', 'amberemployer775@gmail.com', '1234', 1, -9195, 5, 1, 1, 78, 91, 66), (193, 'almondagency53', 'almondagency53@gmail.com', '1234', 1, 4808, 4, 4, 5, 88, 16, 65), (194, 'alizarinrepublic23', 'alizarinrepublic23@gmail.com', '1234', 1, -8971, 3, 3, 2, 8, 95, 62), (195, 'afraidgrapefruit23', 'afraidgrapefruit23@gmail.com', '1234', 1, -5562, 2, 5, 2, 100, 30, 38), (196, 'abovepioneer67', 'abovepioneer67@gmail.com', '1234', 1, 2248, 4, 2, 3, 45, 69, 67), (197, 'aboundingloganberries3456', 'aboundingloganberries3456@gmail.com', '1234', 1, -199, 0, 4, 2, 11, 15, 80), (198, 'abjectdill56', 'abjectdill56@gmail.com', '1234', 1, 2912, 3, 4, 4, 62, 57, 17), (199, 'fungymnast6', 'fungymnast6@gmail.com', '1234', 1, -2469, 4, 3, 4, 67, 53, 91)

INSERT INTO category (id, grouping, name) VALUES 
(0, 0, 'Imaginary'), (1, 1, 'Sports'), (2, 2, 'Politics'), (3, 3, 'Economy'), (4, 4, 'Other')

INSERT INTO events (id, name, category_id, stage, shares, market_cap, end_date) VALUES (0, 'Super Bowl', 1, 0, 30, 17700, 20250601000000),
(1, 'Olympics 400m Run', 1, 0, 30, 46100, 20260511000000),
(2, 'Olympics 800m Run', 1, 0, 30, 14600, 20260531000000),
(3, 'Olympics 100m Sprint', 1, 0, 30, 17400, 20251201000000),
(4, 'Olympics Gymnastics', 1, 0, 30, 15600, 20280531000000),
(5, 'UEFA Championship', 1, 0, 30, 143500, 20250928000000),
(6, 'FIFA World Cup', 1, 0, 30, 1250, 20250822000000),
(7, 'Grand Slam', 1, 0, 30, 10340, 20260101000000),
(8, 'The Grand National', 1, 0, 30, 16100, 20251209000000),
(9, 'Cricket World Cup', 1, 0, 30, 13500, 20251001000000),
(10, 'Kentucky Derby', 1, 1, 30, 10043, 20260331000000),
(11, 'Copa America', 1, 1, 30, 10660, 20250707000000),
(12, 'Rugby World Cup', 1, 1, 30, 14600, 20250907000000),
(13, 'Commonwealth Games', 1, 1, 30, 14400, 20251111000000),
(14, 'US Presidential Election Winner', 2, 1, 30, 10890, 20250801000000),
(15, 'TSX Top Performing Stocks', 3, 1, 30, 10640, 20251001000000),
(16, 'Fortune 500 Top Performing Stocks', 3, 1, 30, 10560, 20250606000000),
(17, 'NASDAQ Top Performing Stocks', 3, 1, 30, 16700, 20251101000000),
(18, 'New York Stock Exchange Top Performing Stocks', 3, 1, 30, 13003, 20251101000000), 
(19, 'Canadian Prime Minister Election Results', 2, 1, 30, 10540, 20251205000000),
(20, 'US Presidential Election Winning Party', 2, 1, 30, 14500, 20250801000000),
(21, 'Next Country To Leave the EU', 3, 2, 30, 15600, 20251112000000),
(22, 'UK Prime Minister Election Winner', 2, 2, 30, 17500, 20260205000000),
(23, 'Australian Federal Election Winner', 2, 2, 30, 103450, 20251214000000)
(24, 'British Columbia Provincial Government Winning Party', 2, 2, 30, 14500, 20250829000000),
(25, 'Manitoba Provincial Government Winning Party', 2, 2, 30, 14500, 20250629000000),
(26, 'Ontario Provincial Government Winning Party', 2, 2, 30, 14500, 20250909000000),
(27, 'Saskatchewan Provincial Government Winning Party', 2, 2, 30, 14500, 20251229000000),
(28, 'Quebec Provincial Government Winning Party', 2, 2, 30, 14500, 20250929000000),
(29, 'PEI Provincial Government Winning Party', 2, 2, 30, 14500, 20250629000000),
(30, 'Nova Scotia Provincial Government Winning Party', 2, 2, 30, 14500, 20250720000000),
(31, 'New Brunswick Provincial Government Winning Party', 2, 2, 30, 14500, 20250923000000),
(32, 'Newfoundland Provincial Government Winning Party', 2, 2, 30, 14500, 20250727000000),
(33, 'Nunavut Provincial Government Winning Party', 2, 2, 30, 14500, 20251230000000),
(34, 'Yukon Territory Provincial Government Winning Party', 2, 2, 30, 14500, 20250813000000),
(35, 'Northwest Territory Provincial Government Winning Party', 2, 2, 30, 14500, 20250814000000)