INSERT INTO users (id, username, email, password, admin, balance, bankruptcy_count, total_bets, curr_bets, total_credits_playing, total_credits_bet, total_credits_won) VALUES 
    (1, 'User123', 'User123@gmail.com', '$2a$10$EGmzezNxXwFzBzuEJDxrGesX9v0/Js3SgzYmkEyWPvJ04PkU7Kjri', 1, 33991, 1, 26, 8, 1366, 120452, 121299), (2, 'John', 'John@gmail.com', '$2a$10$EGmzezNxXwFzBzuEJDxrGesX9v0/Js3SgzYmkEyWPvJ04PkU7Kjri', 1, 25105, 2, 31, 7, 9723, 189269, 92767), (3, 'Jane', 'Jane@gmail.com', '$2a$10$EGmzezNxXwFzBzuEJDxrGesX9v0/Js3SgzYmkEyWPvJ04PkU7Kjri', 1, 13069, 1, 10, 7, 8573, 93238, 145424), (4, 'Edward', 'Edward@gmail.com', '$2a$10$EGmzezNxXwFzBzuEJDxrGesX9v0/Js3SgzYmkEyWPvJ04PkU7Kjri', 1, 39072, 3, 31, 10, 6384, 138199, 48465), (5, 'Tony', 'Tony@gmail.com', '$2a$10$EGmzezNxXwFzBzuEJDxrGesX9v0/Js3SgzYmkEyWPvJ04PkU7Kjri', 1, 19706, 2, 8, 7, 8501, 131409, 257090), (6, 'Jade', 'Jade@gmail.com', '$2a$10$EGmzezNxXwFzBzuEJDxrGesX9v0/Js3SgzYmkEyWPvJ04PkU7Kjri', 1, 23003, 3, 30, 4, 2916, 171114, 30081), (7, 'Sunshine', 'Sunshine@gmail.com', '$2a$10$EGmzezNxXwFzBzuEJDxrGesX9v0/Js3SgzYmkEyWPvJ04PkU7Kjri', 1, 15848, 2, 16, 1, 2563, 88430, 17004), (8, 'Happygal', 'Happygal@gmail.com', '$2a$10$EGmzezNxXwFzBzuEJDxrGesX9v0/Js3SgzYmkEyWPvJ04PkU7Kjri', 1, 19415, 0, 6, 5, 2085, 79497, 18017), (9, 'Gamergirl', 'Gamergirl@gmail.com', '$2a$10$EGmzezNxXwFzBzuEJDxrGesX9v0/Js3SgzYmkEyWPvJ04PkU7Kjri', 1, 18428, 2, 6, 0, 5497, 63700, 237550), (10, 'xXShadowXx', 'xXShadowXx@gmail.com', '$2a$10$EGmzezNxXwFzBzuEJDxrGesX9v0/Js3SgzYmkEyWPvJ04PkU7Kjri', 1, 21425, 4, 3, 3, 7937, 186496, 227792), (11, 'Legend27', 'Legend27@gmail.com', '$2a$10$EGmzezNxXwFzBzuEJDxrGesX9v0/Js3SgzYmkEyWPvJ04PkU7Kjri', 1, 36592, 3, 1, 1, 2468, 65337, 173964), (12, 'Coffee Lover', 'CoffeeLover@gmail.com', '$2a$10$EGmzezNxXwFzBzuEJDxrGesX9v0/Js3SgzYmkEyWPvJ04PkU7Kjri', 1, 17470, 1, 11, 4, 6561, 73434, 176447), (13, 'Noob Master', 'NoobMaster@gmail.com', '$2a$10$EGmzezNxXwFzBzuEJDxrGesX9v0/Js3SgzYmkEyWPvJ04PkU7Kjri', 1, 32303, 3, 18, 10, 9430, 159022, 143308), (14, 'Barca', 'Barca@gmail.com', '$2a$10$EGmzezNxXwFzBzuEJDxrGesX9v0/Js3SgzYmkEyWPvJ04PkU7Kjri', 1, 18182, 1, 22, 8, 2401, 118466, 267356), (15, 'Manu', 'Manu@gmail.com', '$2a$10$EGmzezNxXwFzBzuEJDxrGesX9v0/Js3SgzYmkEyWPvJ04PkU7Kjri', 1, 34675, 0, 35, 1, 9034, 81731, 97485), (16, 'Harry Potter', 'HarryPotter@gmail.com', '$2a$10$EGmzezNxXwFzBzuEJDxrGesX9v0/Js3SgzYmkEyWPvJ04PkU7Kjri', 1, 34982, 2, 33, 9, 3140, 175387, 187159), (17, 'Hades', 'Hades@gmail.com', '$2a$10$EGmzezNxXwFzBzuEJDxrGesX9v0/Js3SgzYmkEyWPvJ04PkU7Kjri', 1, 33938, 5, 20, 10, 3517, 143855, 152312), (18, '36war6', '36war6@gmail.com', '$2a$10$EGmzezNxXwFzBzuEJDxrGesX9v0/Js3SgzYmkEyWPvJ04PkU7Kjri', 1, 34809, 0, 29, 6, 1212, 169263, 270110), (19, 'E11en', 'E11en@gmail.com', '$2a$10$EGmzezNxXwFzBzuEJDxrGesX9v0/Js3SgzYmkEyWPvJ04PkU7Kjri', 1, 49985, 1, 20, 9, 4447, 76824, 104000), (20, 'Clovers', 'Clovers@gmail.com', '$2a$10$EGmzezNxXwFzBzuEJDxrGesX9v0/Js3SgzYmkEyWPvJ04PkU7Kjri', 1, 29501, 3, 39, 7, 4462, 85579, 274886), (21, 'Fnaf', 'Fnaf@gmail.com', '$2a$10$EGmzezNxXwFzBzuEJDxrGesX9v0/Js3SgzYmkEyWPvJ04PkU7Kjri', 1, 14681, 4, 7, 9, 7008, 82567, 179438), (22, 'Gta6 When', 'Gta6When@gmail.com', '$2a$10$EGmzezNxXwFzBzuEJDxrGesX9v0/Js3SgzYmkEyWPvJ04PkU7Kjri', 1, 44578, 4, 1, 1, 9372, 186551, 137132), (23, 'Skywalker', 'Skywalker@gmail.com', '$2a$10$EGmzezNxXwFzBzuEJDxrGesX9v0/Js3SgzYmkEyWPvJ04PkU7Kjri', 1, 36064, 3, 12, 9, 7265, 68882, 110587), (24, 'Dragonslayer', 'Dragonslayer@gmail.com', '$2a$10$EGmzezNxXwFzBzuEJDxrGesX9v0/Js3SgzYmkEyWPvJ04PkU7Kjri', 1, 13544, 0, 12, 6, 9981, 169447, 137169), (25, 'Catlover23', 'Catlover23@gmail.com', '$2a$10$EGmzezNxXwFzBzuEJDxrGesX9v0/Js3SgzYmkEyWPvJ04PkU7Kjri', 1, 13516, 2, 26, 5, 6839, 176800, 51375), (26, 'Mystery Man', 'MysteryMan@gmail.com', '$2a$10$EGmzezNxXwFzBzuEJDxrGesX9v0/Js3SgzYmkEyWPvJ04PkU7Kjri', 1, 47158, 1, 13, 9, 1033, 73642, 223924), (27, 'Puppy Power', 'PuppyPower@gmail.com', '$2a$10$EGmzezNxXwFzBzuEJDxrGesX9v0/Js3SgzYmkEyWPvJ04PkU7Kjri', 1, 22517, 3, 20, 0, 3959, 109530, 131808), (28, 'Thunderbolt99', 'Thunderbolt99@gmail.com', '$2a$10$EGmzezNxXwFzBzuEJDxrGesX9v0/Js3SgzYmkEyWPvJ04PkU7Kjri', 1, 46263, 4, 0, 4, 2317, 141895, 36166), (29, 'Lebron Is Best', 'LebronIsBest@gmail.com', '$2a$10$EGmzezNxXwFzBzuEJDxrGesX9v0/Js3SgzYmkEyWPvJ04PkU7Kjri', 1, 42059, 4, 28, 4, 3001, 193072, 299512), (30, 'Pizza Addict', 'PizzaAddict@gmail.com', '$2a$10$EGmzezNxXwFzBzuEJDxrGesX9v0/Js3SgzYmkEyWPvJ04PkU7Kjri', 1, 49795, 4, 18, 4, 4097, 66740, 207739), (31, 'Menabar', 'Menabar@gmail.com', '$2a$10$EGmzezNxXwFzBzuEJDxrGesX9v0/Js3SgzYmkEyWPvJ04PkU7Kjri', 1, 25556, 4, 15, 1, 3269, 125573, 81722), (32, 'Gamer Girl', 'GamerGirl@gmail.com', '$2a$10$EGmzezNxXwFzBzuEJDxrGesX9v0/Js3SgzYmkEyWPvJ04PkU7Kjri', 1, 34353, 0, 4, 1, 6258, 195980, 205020), (33, 'Gamergirl1', 'Gamergirl1@gmail.com', '$2a$10$EGmzezNxXwFzBzuEJDxrGesX9v0/Js3SgzYmkEyWPvJ04PkU7Kjri', 1, 31200, 3, 22, 4, 4550, 131512, 163593), (34, 'Pumpkin Spice', 'PumpkinSpice@gmail.com', '$2a$10$EGmzezNxXwFzBzuEJDxrGesX9v0/Js3SgzYmkEyWPvJ04PkU7Kjri', 1, 10300, 3, 15, 0, 6413, 169206, 117357), (35, 'Friendly Ghost', 'FriendlyGhost@gmail.com', '$2a$10$EGmzezNxXwFzBzuEJDxrGesX9v0/Js3SgzYmkEyWPvJ04PkU7Kjri', 1, 15791, 3, 20, 6, 8490, 180972, 153001), (36, 'Wizard King', 'WizardKing@gmail.com', '$2a$10$EGmzezNxXwFzBzuEJDxrGesX9v0/Js3SgzYmkEyWPvJ04PkU7Kjri', 1, 12793, 0, 11, 0, 8577, 170297, 101114), (37, 'The Art of the Deal', 'TheArtoftheDeal@gmail.com', '$2a$10$EGmzezNxXwFzBzuEJDxrGesX9v0/Js3SgzYmkEyWPvJ04PkU7Kjri', 1, 49530, 5, 33, 6, 3321, 159813, 245564), (38, '#1 Winner', '#1Winner@gmail.com', '$2a$10$EGmzezNxXwFzBzuEJDxrGesX9v0/Js3SgzYmkEyWPvJ04PkU7Kjri', 1, 33677, 2, 39, 2, 5125, 191502, 243344), (39, 'Epic Gamer', 'EpicGamer@gmail.com', '$2a$10$EGmzezNxXwFzBzuEJDxrGesX9v0/Js3SgzYmkEyWPvJ04PkU7Kjri', 1, 19401, 2, 37, 10, 1067, 108961, 216031), (40, 'Rainbow Skies', 'RainbowSkies@gmail.com', '$2a$10$EGmzezNxXwFzBzuEJDxrGesX9v0/Js3SgzYmkEyWPvJ04PkU7Kjri', 1, 14934, 4, 16, 5, 5342, 187242, 142381), (41, 'Bill Gates', 'BillGates@gmail.com', '$2a$10$EGmzezNxXwFzBzuEJDxrGesX9v0/Js3SgzYmkEyWPvJ04PkU7Kjri', 1, 49480, 0, 5, 9, 2473, 107223, 124972), (42, 'Firestorm', 'Firestorm@gmail.com', '$2a$10$EGmzezNxXwFzBzuEJDxrGesX9v0/Js3SgzYmkEyWPvJ04PkU7Kjri', 1, 28708, 2, 26, 1, 3087, 145006, 87189), (43, 'Chocolate Addict', 'ChocolateAddict@gmail.com', '$2a$10$EGmzezNxXwFzBzuEJDxrGesX9v0/Js3SgzYmkEyWPvJ04PkU7Kjri', 1, 13481, 3, 11, 2, 3505, 94727, 297068), (44, 'CodebreakerX', 'CodebreakerX@gmail.com', '$2a$10$EGmzezNxXwFzBzuEJDxrGesX9v0/Js3SgzYmkEyWPvJ04PkU7Kjri', 1, 37696, 5, 18, 5, 8116, 78532, 97731), (45, 'Sunnysideup', 'Sunnysideup@gmail.com', '$2a$10$EGmzezNxXwFzBzuEJDxrGesX9v0/Js3SgzYmkEyWPvJ04PkU7Kjri', 1, 49712, 1, 6, 5, 8193, 163882, 290347), (46, 'www', 'www@gmail.com', '$2a$10$EGmzezNxXwFzBzuEJDxrGesX9v0/Js3SgzYmkEyWPvJ04PkU7Kjri', 1, 30272, 1, 0, 10, 6267, 189339, 296165), (47, 'Bloopers', 'Bloopers@gmail.com', '$2a$10$EGmzezNxXwFzBzuEJDxrGesX9v0/Js3SgzYmkEyWPvJ04PkU7Kjri', 1, 42340, 4, 28, 2, 2153, 149188, 58640), (48, 'Messi', 'Messi@gmail.com', '$2a$10$EGmzezNxXwFzBzuEJDxrGesX9v0/Js3SgzYmkEyWPvJ04PkU7Kjri', 1, 39275, 4, 11, 5, 8707, 154970, 163036), (49, 'Ronaldo', 'Ronaldo@gmail.com', '$2a$10$EGmzezNxXwFzBzuEJDxrGesX9v0/Js3SgzYmkEyWPvJ04PkU7Kjri', 1, 48112, 3, 11, 8, 1858, 154103, 91391), (50, 'Cyberpunk', 'Cyberpunk@gmail.com', '$2a$10$EGmzezNxXwFzBzuEJDxrGesX9v0/Js3SgzYmkEyWPvJ04PkU7Kjri', 1, 10280, 0, 6, 3, 3853, 185604, 16732), (51, 'Shadow Knight', 'ShadowKnight@gmail.com', '$2a$10$EGmzezNxXwFzBzuEJDxrGesX9v0/Js3SgzYmkEyWPvJ04PkU7Kjri', 1, 33381, 5, 25, 2, 6874, 173400, 166095), (52, 'Rising Phoenix', 'RisingPhoenix@gmail.com', '$2a$10$EGmzezNxXwFzBzuEJDxrGesX9v0/Js3SgzYmkEyWPvJ04PkU7Kjri', 1, 36992, 1, 7, 4, 7619, 143044, 278368), (53, 'Pixel Master', 'PixelMaster@gmail.com', '$2a$10$EGmzezNxXwFzBzuEJDxrGesX9v0/Js3SgzYmkEyWPvJ04PkU7Kjri', 1, 24142, 4, 39, 5, 843, 89734, 240192), (54, 'Dark Mage X', 'DarkMageX@gmail.com', '$2a$10$EGmzezNxXwFzBzuEJDxrGesX9v0/Js3SgzYmkEyWPvJ04PkU7Kjri', 1, 35154, 4, 34, 4, 5562, 96500, 163437), (55, 'Soccer Legend', 'SoccerLegend@gmail.com', '$2a$10$EGmzezNxXwFzBzuEJDxrGesX9v0/Js3SgzYmkEyWPvJ04PkU7Kjri', 1, 13472, 3, 8, 0, 5665, 91490, 10973), (56, 'CaptainCool', 'CaptainCool@gmail.com', '$2a$10$EGmzezNxXwFzBzuEJDxrGesX9v0/Js3SgzYmkEyWPvJ04PkU7Kjri', 1, 14692, 3, 33, 5, 6223, 167274, 13917), (57, 'FireDragon', 'FireDragon@gmail.com', '$2a$10$EGmzezNxXwFzBzuEJDxrGesX9v0/Js3SgzYmkEyWPvJ04PkU7Kjri', 1, 35962, 5, 2, 3, 214, 184497, 38813), (58, 'SpookyVibes', 'SpookyVibes@gmail.com', '$2a$10$EGmzezNxXwFzBzuEJDxrGesX9v0/Js3SgzYmkEyWPvJ04PkU7Kjri', 1, 14853, 2, 11, 3, 7951, 124346, 264088), (59, 'GalaxyExplorer', 'GalaxyExplorer@gmail.com', '$2a$10$EGmzezNxXwFzBzuEJDxrGesX9v0/Js3SgzYmkEyWPvJ04PkU7Kjri', 1, 15310, 0, 38, 2, 3936, 183412, 194902), (60, 'Windows69', 'Windows69@gmail.com', '$2a$10$EGmzezNxXwFzBzuEJDxrGesX9v0/Js3SgzYmkEyWPvJ04PkU7Kjri', 1, 18082, 3, 6, 3, 8123, 111832, 65453), (61, 'MidnightRider', 'MidnightRider@gmail.com', '$2a$10$EGmzezNxXwFzBzuEJDxrGesX9v0/Js3SgzYmkEyWPvJ04PkU7Kjri', 1, 28045, 2, 2, 2, 9776, 71695, 246455), (62, 'WinterWolf', 'WinterWolf@gmail.com', '$2a$10$EGmzezNxXwFzBzuEJDxrGesX9v0/Js3SgzYmkEyWPvJ04PkU7Kjri', 1, 47667, 2, 33, 10, 6604, 62216, 82179), (63, 'UltraGamerX', 'UltraGamerX@gmail.com', '$2a$10$EGmzezNxXwFzBzuEJDxrGesX9v0/Js3SgzYmkEyWPvJ04PkU7Kjri', 1, 49775, 1, 39, 8, 5839, 157039, 149125), (64, 'SupremeWizard', 'SupremeWizard@gmail.com', '$2a$10$EGmzezNxXwFzBzuEJDxrGesX9v0/Js3SgzYmkEyWPvJ04PkU7Kjri', 1, 31683, 4, 7, 1, 2581, 117672, 39190), (65, 'SonicSpeed', 'SonicSpeed@gmail.com', '$2a$10$EGmzezNxXwFzBzuEJDxrGesX9v0/Js3SgzYmkEyWPvJ04PkU7Kjri', 1, 42360, 2, 38, 6, 4110, 175371, 290085), (66, 'MysticNinja', 'MysticNinja@gmail.com', '$2a$10$EGmzezNxXwFzBzuEJDxrGesX9v0/Js3SgzYmkEyWPvJ04PkU7Kjri', 1, 28132, 1, 34, 6, 9092, 170917, 155048), (67, 'RogueWarrior', 'RogueWarrior@gmail.com', '$2a$10$EGmzezNxXwFzBzuEJDxrGesX9v0/Js3SgzYmkEyWPvJ04PkU7Kjri', 1, 30700, 5, 8, 9, 6443, 71644, 240025), (68, 'TurboTiger', 'TurboTiger@gmail.com', '$2a$10$EGmzezNxXwFzBzuEJDxrGesX9v0/Js3SgzYmkEyWPvJ04PkU7Kjri', 1, 14763, 3, 38, 1, 4708, 138751, 235017), (69, 'Chessers', 'Chessers@gmail.com', '$2a$10$EGmzezNxXwFzBzuEJDxrGesX9v0/Js3SgzYmkEyWPvJ04PkU7Kjri', 1, 42072, 1, 28, 0, 7235, 73842, 276588), (70, 'Lucky7', 'Lucky7@gmail.com', '$2a$10$EGmzezNxXwFzBzuEJDxrGesX9v0/Js3SgzYmkEyWPvJ04PkU7Kjri', 1, 17736, 2, 22, 2, 2251, 111606, 290381), (71, 'CosmicVoyager', 'CosmicVoyager@gmail.com', '$2a$10$EGmzezNxXwFzBzuEJDxrGesX9v0/Js3SgzYmkEyWPvJ04PkU7Kjri', 1, 13097, 2, 32, 9, 2285, 90554, 263790), (72, 'InfernoMaster', 'InfernoMaster@gmail.com', '$2a$10$EGmzezNxXwFzBzuEJDxrGesX9v0/Js3SgzYmkEyWPvJ04PkU7Kjri', 1, 47449, 5, 17, 7, 3386, 84383, 63477), (73, 'JavaTrash', 'JavaTrash@gmail.com', '$2a$10$EGmzezNxXwFzBzuEJDxrGesX9v0/Js3SgzYmkEyWPvJ04PkU7Kjri', 1, 47605, 4, 23, 9, 9453, 63531, 128398), (74, 'SadCoderForLife', 'SadCoderForLife@gmail.com', '$2a$10$EGmzezNxXwFzBzuEJDxrGesX9v0/Js3SgzYmkEyWPvJ04PkU7Kjri', 1, 21053, 2, 35, 7, 9597, 132993, 249300), (75, 'NeonLightsX', 'NeonLightsX@gmail.com', '$2a$10$EGmzezNxXwFzBzuEJDxrGesX9v0/Js3SgzYmkEyWPvJ04PkU7Kjri', 1, 28690, 4, 13, 1, 8537, 129921, 137284), (76, 'BananaSplit', 'BananaSplit@gmail.com', '$2a$10$EGmzezNxXwFzBzuEJDxrGesX9v0/Js3SgzYmkEyWPvJ04PkU7Kjri', 1, 20172, 5, 35, 6, 3655, 157899, 57467), (77, 'PandaPower', 'PandaPower@gmail.com', '$2a$10$EGmzezNxXwFzBzuEJDxrGesX9v0/Js3SgzYmkEyWPvJ04PkU7Kjri', 1, 37057, 2, 36, 2, 4785, 63885, 205035), (78, 'LightningStrike', 'LightningStrike@gmail.com', '$2a$10$EGmzezNxXwFzBzuEJDxrGesX9v0/Js3SgzYmkEyWPvJ04PkU7Kjri', 1, 36696, 2, 32, 7, 3686, 65923, 50794), (79, 'RocketMan', 'RocketMan@gmail.com', '$2a$10$EGmzezNxXwFzBzuEJDxrGesX9v0/Js3SgzYmkEyWPvJ04PkU7Kjri', 1, 24400, 1, 7, 3, 4422, 60721, 35805), (80, 'AI Overlord', 'AIOverlord@gmail.com', '$2a$10$EGmzezNxXwFzBzuEJDxrGesX9v0/Js3SgzYmkEyWPvJ04PkU7Kjri', 1, 37214, 4, 22, 2, 8860, 182764, 245207), (81, 'Big Brain Gamer', 'BigBrainGamer@gmail.com', '$2a$10$EGmzezNxXwFzBzuEJDxrGesX9v0/Js3SgzYmkEyWPvJ04PkU7Kjri', 1, 13989, 4, 33, 6, 6902, 130486, 13537), (82, 'DragonTamerX', 'DragonTamerX@gmail.com', '$2a$10$EGmzezNxXwFzBzuEJDxrGesX9v0/Js3SgzYmkEyWPvJ04PkU7Kjri', 1, 14860, 3, 26, 7, 682, 174372, 31966), (83, 'WarlockLord', 'WarlockLord@gmail.com', '$2a$10$EGmzezNxXwFzBzuEJDxrGesX9v0/Js3SgzYmkEyWPvJ04PkU7Kjri', 1, 43508, 5, 18, 0, 5575, 186378, 256766), (84, 'Meme Machine', 'MemeMachine@gmail.com', '$2a$10$EGmzezNxXwFzBzuEJDxrGesX9v0/Js3SgzYmkEyWPvJ04PkU7Kjri', 1, 17373, 3, 5, 3, 5991, 81447, 277171), (85, 'VictoryRoyale', 'VictoryRoyale@gmail.com', '$2a$10$EGmzezNxXwFzBzuEJDxrGesX9v0/Js3SgzYmkEyWPvJ04PkU7Kjri', 1, 19682, 5, 26, 9, 1973, 90228, 100531), (86, 'BlueMoonRider', 'BlueMoonRider@gmail.com', '$2a$10$EGmzezNxXwFzBzuEJDxrGesX9v0/Js3SgzYmkEyWPvJ04PkU7Kjri', 1, 30558, 4, 21, 7, 1982, 171118, 74589), (87, 'ChillaxBro', 'ChillaxBro@gmail.com', '$2a$10$EGmzezNxXwFzBzuEJDxrGesX9v0/Js3SgzYmkEyWPvJ04PkU7Kjri', 1, 19958, 3, 32, 7, 5300, 118121, 207084), (88, 'HackThePlanet', 'HackThePlanet@gmail.com', '$2a$10$EGmzezNxXwFzBzuEJDxrGesX9v0/Js3SgzYmkEyWPvJ04PkU7Kjri', 1, 42898, 2, 25, 8, 6903, 199147, 248170), (89, 'StarCommander', 'StarCommander@gmail.com', '$2a$10$EGmzezNxXwFzBzuEJDxrGesX9v0/Js3SgzYmkEyWPvJ04PkU7Kjri', 1, 33437, 0, 1, 2, 371, 198584, 36854), (90, 'IronWillX', 'IronWillX@gmail.com', '$2a$10$EGmzezNxXwFzBzuEJDxrGesX9v0/Js3SgzYmkEyWPvJ04PkU7Kjri', 1, 38500, 3, 5, 3, 9627, 121304, 213610), (91, 'CoolBeans99', 'CoolBeans99@gmail.com', '$2a$10$EGmzezNxXwFzBzuEJDxrGesX9v0/Js3SgzYmkEyWPvJ04PkU7Kjri', 1, 11299, 4, 23, 3, 4233, 142571, 282963), (92, 'Golden Champion', 'GoldenChampion@gmail.com', '$2a$10$EGmzezNxXwFzBzuEJDxrGesX9v0/Js3SgzYmkEyWPvJ04PkU7Kjri', 1, 17719, 3, 32, 8, 1588, 98518, 93751), (93, 'PixelWizard', 'PixelWizard@gmail.com', '$2a$10$EGmzezNxXwFzBzuEJDxrGesX9v0/Js3SgzYmkEyWPvJ04PkU7Kjri', 1, 38288, 3, 10, 9, 3151, 177312, 102682), (94, 'SpaceNomad', 'SpaceNomad@gmail.com', '$2a$10$EGmzezNxXwFzBzuEJDxrGesX9v0/Js3SgzYmkEyWPvJ04PkU7Kjri', 1, 34915, 1, 10, 0, 5315, 154092, 35616), (95, 'NightCrawler77', 'NightCrawler77@gmail.com', '$2a$10$EGmzezNxXwFzBzuEJDxrGesX9v0/Js3SgzYmkEyWPvJ04PkU7Kjri', 1, 23975, 4, 18, 10, 1219, 181328, 44723), (96, 'Frostbite X', 'FrostbiteX@gmail.com', '$2a$10$EGmzezNxXwFzBzuEJDxrGesX9v0/Js3SgzYmkEyWPvJ04PkU7Kjri', 1, 20107, 4, 34, 4, 2844, 96432, 213401), (97, 'StealthModeOn', 'StealthModeOn@gmail.com', '$2a$10$EGmzezNxXwFzBzuEJDxrGesX9v0/Js3SgzYmkEyWPvJ04PkU7Kjri', 1, 46291, 4, 35, 7, 382, 106715, 95482), (98, 'WatermelonKing', 'WatermelonKing@gmail.com', '$2a$10$EGmzezNxXwFzBzuEJDxrGesX9v0/Js3SgzYmkEyWPvJ04PkU7Kjri', 1, 24463, 2, 29, 4, 1864, 156271, 123217), (99, 'SupremeOverlord', 'SupremeOverlord@gmail.com', '$2a$10$EGmzezNxXwFzBzuEJDxrGesX9v0/Js3SgzYmkEyWPvJ04PkU7Kjri', 1, 15578, 0, 9, 5, 1672, 96966, 211270), (100, 'EternalVoyager', 'EternalVoyager@gmail.com', '$2a$10$EGmzezNxXwFzBzuEJDxrGesX9v0/Js3SgzYmkEyWPvJ04PkU7Kjri', 1, 49065, 2, 17, 6, 9651, 181313, 233611);

INSERT INTO events (id, name, category_id, stage, shares, market_cap, end_date) VALUES 
    (1, '2025 Stanley Cup Winner', 1, 1, 670000, 4020000,20250623000000);

INSERT INTO options (event_id, option_id, title, positive_shares, negative_shares, market_cap, positive_price, negative_price) 
VALUES 
    (1, 1, 'Winnipeg Jets', 3000, 0, 18000, 6, 96), 
    (1, 2, 'Washington Capitals', 4000, 0, 24000, 6, 96), 
    (1, 3, 'Dallas Stars', 7000, 0, 42000, 6, 96), 
    (1, 4, 'Vegas Golden Knights', 4000, 0, 24000, 6, 96), 
    (1, 5, 'Carolina Hurricanes', 2000, 0, 12000, 6, 96), 
    (1, 6, 'Florida Panthers', 6000, 0, 36000, 6, 96), 
    (1, 7, 'Colorado Avalanche', 5000, 0, 30000, 6, 96), 
    (1, 8, 'Tampa Bay Lightning', 5000, 0, 30000, 6, 96), 
    (1, 9, 'Edmonton Oilers', 5000, 0, 30000, 6, 96), 
    (1, 10, 'Minnesota Wilds', 4000, 0, 24000, 6, 96), 
    (1, 11, 'New Jersey Devils', 2000, 0, 12000, 6, 96), 
    (1, 12, 'Ottawa Senators', 3000, 0, 18000, 6, 96), 
    (1, 13, 'Vancouver Canucks', 3000, 0, 18000, 6, 96), 
    (1, 14, 'New York Rangers', 2000, 0, 12000, 6, 96), 
    (1, 15, 'Calgary Flames', 2000, 0, 12000, 6, 96), 
    (1, 16, 'Montreal Canadiens', 1000, 0, 6000, 6, 96), 
    (1, 17, 'St. Louis Blues', 1000, 0, 6000, 6, 96), 
    (1, 18, 'Toronto Maple Leafs', 3000, 0, 18000, 6, 96),
    (1, 19, 'Los Angeles Kings', 4000, 0, 24000, 6, 96),
    (1, 20, 'Other', 1000, 0, 6000, 6, 96); 

INSERT INTO events (id, name, category_id, stage, shares, market_cap, end_date) VALUES
    (2, '2025 NHL Most Regular Season Points', 1, 1, 670000, 4020000,20250418000000);

INSERT INTO options (event_id, option_id, title, positive_shares, negative_shares, market_cap, positive_price, negative_price) 
VALUES 
    (2, 1, 'Nathan MacKinnon', 20000, 0, 420000, 21, 81), 
    (2, 2, 'Leon Draisaitl', 20000, 0, 420000, 21, 81), 
    (2, 3, 'Nikita Kucherov', 15000, 0, 315000, 21, 81), 
    (2, 4, 'Conner McDavid', 5000, 0, 105000, 21, 81), 
    (2, 5, 'Other', 5000, 0, 105000, 21, 81), 